"SUPERCOMNET","SCOMNET","0001"
"KOTRA","KOTRA","0002"
"UCREST","UCREST","0005"
"PINEAPPLE RESOURCES","PINEAPP","0006"
"PUC","PUC","0007"
"WILLOWGLEN","WILLOW","0008"
"IRIS","IRIS","0010"
"BRITE-TECH","BTECH","0011"
"THREE-A RESOURCES","3A","0012"
"M3 TECHNOLOGIES","M3TECH","0017"
"ACCSOFT TECHNOLOGY","ACCSOFT","0018"
"NETX","NETX","0020"
"GHL SYSTEMS","GHLSYS","0021"
"PARLO","PARLO","0022"
"IFCA MSC","IFCAMSC","0023"
"JAG","JAG","0024"
"LNG RESOURCES","LNGRES","0025"
"NOVA MSC","NOVAMSC","0026"
"SCOPE INDUSTRIES","SCOPE","0028"
"DIGISTAR","DIGISTA","0029"
"REDTONE","REDTONE","0032"
"MMAG","MMAG","0034"
"OPCOM","OPCOM","0035"
"KEY ALLIANCE","KGROUP","0036"
"RGB","RGB","0037"
"PLASTRADE TECHNOLOGY","PTB","0038"
"GFM SERVICES","GFM","0039"
"OPENSYS","OPENSYS","0040"
"PANPAGES","PANPAGE","0041"
"METRONIC GLOBAL","MTRONIC","0043"
"G NEPTUNE","GNB","0045"
"PERISAI PETROLEUM","PERISAI","0047"
"ANCOM LOGISTICS","ANCOMLB","0048"
"OCEANCASH","OCNCASH","0049"
"SYSTECH","SYSTECH","0050"
"CUSCAPI","CUSCAPI","0051"
"OSK VENTURES","OSKVI","0053"
"KARYON","KARYON","0054"
"SERSOL","SERSOL","0055"
"GRAND-FLO","GRANFLO","0056"
"JCBNEXT","JCBNEXT","0058"
"M-MODE","MMODE","0059"
"SKH","SKH","0060"
"EFFICIENT E-SOLUTIONS","EFFICEN","0064"
"EXCEL FORCE","EFORCE","0065"
"VSOLAR","VSOLAR","0066"
"ASDION","ASDION","0068"
"VIVOCOM INTL","VIVOCOM","0069"
"MQ TECHNOLOGY","MQTECH","0070"
"AT SYSTEMATIZATION","SYSTEMATIZATION","0072"
"GREEN OCEAN","GOCEAN","0074"
"MEXTER TECHNOLOGY","MEXTER","0075"
"GD EXPRESS CARRIER","GDEX","0078"
"ORION IXL","ORION","0079"
"STRAITS INTER LOGISTICS","STRAITS","0080"
"MEGA SUN CITY","MEGASUN","0081"
"GREEN PACKET","GPACKET","0082"
"NOTION VTEC","NOTION","0083"
"TECHFAST","TECFAST","0084"
"MLABS SYSTEMS","MLAB","0085"
"YGL CONVERGENCE","YGL","0086"
"TEX CYCLE TECHNOLOGY","TEXCYCL","0089"
"ELSOFT RESEARCH","ELSOFT","0090"
"DAYA MATERIALS","DAYA","0091"
"MTOUCHE TECHNOLOGY","MTOUCHE","0092"
"SOLUTION ENGINEERING","SOLUTN","0093"
"INIX TECHNOLOGIES","INIX","0094"
"XINGHE","XINGHE","0095"
"NEXGRAM","NEXGRAM","0096"
"VITROX","VITROX","0097"
"BORNEO AQUA HARVEST","BAHVEST","0098"
"SCICOM (MSC)","SCICOM","0099"
"ES CERAMICS TECHNOLOGY","ESCERAM","0100"
"TMC LIFE SCIENCES","TMCLIFE","0101"
"CONNECTCOUNTY","CONNECT","0102"
"M N C WIRELESS","MNC","0103"
"GENETEC TECHNOLOGY","GENETEC","0104"
"ASIA POLY","ASIAPLY","0105"
"REXIT","REXIT","0106"
"EDUSPEC","EDUSPEC","0107"
"N2N CONNECT","N2N","0108"
"SC ESTATE BUILDER","SCBUILD","0109"
"K-ONE TECHNOLOGY","K1","0111"
"MIKRO MSC","MIKROMB","0112"
"MMS VENTURES","MMSV","0113"
"FOCUS DYNAMICS","FOCUS","0116"
"SMRT","SMRT","0117"
"TRIVE PROPERTY","TRIVE","0118"
"APPASIA","APPASIA","0119"
"VISDYNAMICS","VIS","0120"
"ADVANCE INFORMATION MARKETING","AIM","0122"
"PRIVASIA TECHNOLOGY","PRIVA","0123"
"MICROLINK SOLUTIONS","MICROLN","0126"
"JHM CONSOLIDATION","JHM","0127"
"FRONTKEN","FRONTKN","0128"
"SILVER RIDGE","SRIDGE","0129"
"DIVERSIFIED GATEWAY SOLUTIONS","DGSB","0131"
"TECHNODEX","TDEX","0132"
"SANICHI TECHNOLOGY","SANICHI","0133"
"GREENYIELD","GREENYB","0136"
"MY E.G. SERVICES","MYEG","0138"
"STERLING PROGRESS","STERPRO","0140"
"WINTONI","WINTONI","0141"
"KEY ASIC","KEYASIC","0143"
"TFP SOLUTIONS","TFP","0145"
"JF TECHNOLOGY","JFTECH","0146"
"INNITY","INNITY","0147"
"SUNZEN BIOTECH","SUNZEN","0148"
"FIBON","FIBON","0149"
"FINTEC GLOBAL","FINTEC","0150"
"KELINGTON","KGB","0151"
"DGB ASIA","DGB","0152"
"OVERSEA ENTERPRISE","OVERSEA","0153"
"EA","EAH","0154"
"MALAYSIAN GENOMICS RESOURCE CENTRE","MGRC","0155"
"MANAGEPAY SYSTEMS","MPAY","0156"
"FOCUS POINT","FOCUSP","0157"
"SCC","SCC","0158"
"ASIA MEDIA","AMEDIA","0159"
"HIAP HUAT","HHHCORP","0160"
"SCH","SCH","0161"
"IDEAL JACOBS","IJACOBS","0162"
"CAREPLUS","CAREPLS","0163"
"XOX","XOX","0165"
"INARI AMERTRON","INARI","0166"
"MCLEAN TECHNOLOGIES","MCLEAN","0167"
"BOILERMECH","BOILERM","0168"
"SMTRACK","SMTRACK","0169"
"KANGER","KANGER","0170"
"PETERLABS","PLABS","0171"
"OCK","OCK","0172"
"REV ASIA","REV","0173"
"IDIMENSION CONSOLIDATED","IDMENSN","0174"
"HENG HUAT RESOURCES","HHGROUP","0175"
"KRONOLOGI ASIA","KRONO","0176"
"PASUKHAS","PASUKGB","0177"
"SEDANIA INNOVATOR","SEDANIA","0178"
"BIOALPHA","BIOHLDG","0179"
"KIM TECK CHEONG CONSOLIDATED","KTC","0180"
"AEMULUS","AEMULUS","0181"
"LKL","LKL","0182"
"SALUTICA","SALUTE","0183"
"HSS ENGINEERS","HSSEB","0185"
"PERAK TRANSIT","PTRANS","0186"
"BCM ALLIANCE","BCMALL","0187"
"HLT GLOBAL","HLT","0188"
"MATANG","MATANG","0189"
"EVERSAFE RUBBER","ESAFE","0190"
"CABNET","CABNET","0191"
"INTA BINA","INTA","0192"
"KEJURUTERAAN ASASTERA","KAB","0193"
"BINASAT COMMUNICATIONS","BINACOM","0195"
"QES","QES","0196"
"WEGMANS","WEGMANS","0197"
"GDB","GDB","0198"
"CLOUDARON","CLOUD","03001"
"RED IDEAS","REDIDEA","03002"
"JM EDUCATION","JMEDU","03003"
"METRO HEALTHCARE","MHCARE","03005"
"NOVA PHARMA SOLUTIONS","NPS","03006"
"POLYMER LINK","POLYMER","03007"
"DANAINFRA NASIONAL-ETBS 4%0223","DIN040000223","0400GA"
"DANAINFRA NASIONAL-ETBS4.58%1028","DIN045801028","0400GB"
"DANAINFRA NASIONAL-ETBS 4.23%0721","DIN042300721","0400GC"
"IHSAN SUKUK-ETBS 4.60%0824","IHS046000824","0401GA"
"ABF MALAYSIA BOND INDEX FUND","ABFMY1","0800EA"
"FTSE BURSA MALAYSIA KLCI ETF","FBMKLCI-EA","0820EA"
"MYETF DOW JONES ISLAMIC MARKET MALAYSIA TITANS 25","MYETFDJ","0821EA"
"CIMB FTSE ASEAN 40 MALAYSIA","CIMBA40","0822EA"
"CIMB FTSE CHINA 50","CIMBC50","0823EA"
"MYETF MSCI MALAYSIA ISLAMIC DIVIDEND","MYETFID","0824EA"
"MYETF MSCI SEA ISLAMIC DIVIDEND","METFSID","0825EA"
"MYETF THOMSON REUTERS ASIA PACIFIC EX-JAPAN ISLAMIC AGRIBUSINESS","METFAPA","0826EA"
"MYETF DOW JONES U.S. TITANS 50","METFUS50","0827EA"
"TRADEPLUS SHARIAH GOLD TRACKER","GOLDETF","0828EA"
"AMCORP PROPERTIES","AMPROP","1007"
"AMMB","AMBANK","1015"
"CIMB","CIMB","1023"
"MANULIFE","MANULFE","1058"
"RHB BANK","RHBBANK","1066"
"HONG LEONG FINANCIAL","HLFG","1082"
"GLOBAL ORIENTAL","GOB","1147"
"MALAYAN BANKING","MAYBANK","1155"
"ALLIANZ MALAYSIA","ALLIANZ","1163"
"MALAYSIA BUILDING SOCIETY","MBSB","1171"
"MAA","MAA","1198"
"SUMATEC RESOURCES","SUMATEC","1201"
"PAN MALAYSIA","PMHLDG","1287"
"PUBLIC BANK","PBBANK","1295"
"UEM EDGENTA","EDGENTA","1368"
"ADVANCE SYNERGY","ASB","1481"
"GUOCOLAND","GUOCO","1503"
"SYMPHONY LIFE","SYMLIFE","1538"
"BERJAYA SPORTS TOTO","BJTOTO","1562"
"ISKANDAR WATERFRONT CITY","IWCITY","1589"
"DRB-HICOM","DRBHCOM","1619"
"LANDMARKS","LANDMRK","1643"
"MALAYSIAN RESOURCES","MRCB","1651"
"MENANG","MENANG","1694"
"PARAMOUNT","PARAMON","1724"
"SELANGOR PROPERTIES","SPB","1783"
"BATU KAWAN","BKAWAN","1899"
"PINEHILL PACIFIC","PINEPAC","1902"
"CHIN TECK PLANTATIONS","CHINTEK","1929"
"IOI","IOICORP","1961"
"KRETAM","KRETAM","1996"
"NEGRI SEMBILAN OIL PALMS","NSOP","2038"
"TDM","TDM","2054"
"HARBOUR-LINK","HARBOUR","2062"
"UNITED PLANTATIONS","UTDPLT","2089"
"EASTLAND EQUITY","EASTLND","2097"
"COMFORT GLOVES","COMFORT","2127"
"GOPENG","GOPENG","2135"
"ECM LIBRA FINANCIAL","ECM","2143"
"KUCHAI DEVELOPMENT","KUCHAI","2186"
"MMC","MMCCORP","2194"
"PETALING TIN","PTGTIN","2208"
"IJM PLANTATIONS","IJMPLNT","2216"
"SELANGOR DREDGING","SDRED","2224"
"TALAM TRANSFORM","TALAMT","2259"
"ZELAN","ZELAN","2283"
"GENTING PLANTATIONS","GENP","2291"
"AYER","AYER","2305"
"TANCO","TANCO","2429"
"KUALA LUMPUR KEPONG","KLK","2445"
"KLUANG RUBBER COMPANY (MALAYA)","KLUANG","2453"
"ALLIANCE BANK MALAYSIA","ABMB","2488"
"RIVERVIEW RUBBER ESTATES","RVIEW","2542"
"SUNGEI BAGAN RUBBER COMPANY (MALAYA)","SBAGAN","2569"
"YTL LAND & DEVELOPMENT","YTLLAND","2577"
"UNITED MALACCA","UMCCA","2593"
"INCH KENNETH KAJANG RUBBER","INCKEN","2607"
"AJINOMOTO","AJI","2658"
"ALUMINIUM COMPANY OF MALAYSIA","ALCOM","2674"
"AMALGAMATED INDUSTRIAL STEEL","AISB","2682"
"SINO HUA-AN","HUAAN","2739"
"FCW","FCW","2755"
"BOUSTEAD","BSTEAD","2771"
"C.I.","CIHLDG","2828"
"CARLSBERG BREWERY MALAYSIA","CARLSBG","2836"
"CAHYA MATA SARAWAK","CMSB","2852"
"CHEMICAL COMPANY OF MALAYSIA","CCM","2879"
"CYCLE & CARRIAGE BINTANG","CCB","2925"
"FACB INDUSTRIES INCORPORATED","FACBIND","2984"
"OLYMPIA INDUSTRIES","OLYMPIA","3018"
"DUTCH LADY MILK INDUSTRIES","DLADY","3026"
"HAP SENG CONSOLIDATED","HAPSENG","3034"
"PETRON MALAYSIA REFINING & MARKETING","PETRONM","3042"
"MEGA FIRST","MFCB","3069"
"FIMA","FIMACOR","3107"
"KARAMBUNAI CORP","KBUNAI","3115"
"YNH PROPERTY","YNHPROP","3158"
"LAND & GENERAL","L&G","3174"
"GENTING","GENTING","3182"
"GEORGE KENT","GKENT","3204"
"BERJAYA ASSETS","BJASSET","3239"
"GUH","GUH","3247"
"HEINEKEN MALAYSIA","HEIM","3255"
"HEXZA","HEXZA","3298"
"HONG LEONG INDUSTRIES","HLIND","3301"
"IJM","IJM","3336"
"INSAS","INSAS","3379"
"BERJAYA","BJCORP","3395"
"EASTERN & ORIENTAL","E&O","3417"
"JOHAN","JOHAN","3441"
"KECK SENG","KSENG","3476"
"DAMANSARA REALTY","DBHD","3484"
"MARCO","MARCO","3514"
"KIAN JOO CAN FACTORY","KIANJOO","3522"
"ECOFIRST CONSOLIDATED","ECOFIRS","3557"
"WCE","WCEHB","3565"
"LIEN HOE","LIENHOE","3573"
"PARAGON GLOBE","PGLOBE","3611"
"MALAYAN FLOUR MILLS","MFLOUR","3662"
"FRASER & NEAVE","F&N","3689"
"PANASONIC MANUFACTURING MALAYSIA","PANAMY","3719"
"SUNSURIA","SUNSURIA","3743"
"MELEWAR INDUSTRIAL","MELEWAR","3778"
"LAFARGE MALAYSIA","LAFMSIA","3794"
"MISC","MISC","3816"
"MAGNUM","MAGNUM","3859"
"MALAYSIAN PACIFIC INDUSTRIES","MPI","3867"
"MUDA","MUDA","3883"
"MALAYAN UNITED INDUSTRIES","MUIIND","3891"
"MULPHA","MULPHA","3905"
"MUI PROPERTIES","MUIPROP","3913"
"MWE","MWE","3921"
"DUTALAND","DUTALND","3948"
"ORIENTAL","ORIENT","4006"
"TADMAX RESOURCES","TADMAX","4022"
"ASIAN PAC","ASIAPAC","4057"
"PPB","PPB","4065"
"PAN MALAYSIA","PMCORP","4081"
"BRITISH AMERICAN TOBACCO","BAT","4162"
"SIME DARBY","SIME","4197"
"BERJAYA LAND","BJLAND","4219"
"LION INDUSTRIES","LIONIND","4235"
"WTK","WTK","4243"
"I-BERHAD","IBHD","4251"
"SEAL INCORPORATED","SEAL","4286"
"SIN HENG CHAN (MALAYA)","SHCHAN","4316"
"HENGYUAN REFINING COMPANY","HENGYUAN","4324"
"TURIYA","TURIYA","4359"
"SOUTH MALAYSIA INDUSTRIES","SMI","4375"
"JAYA TIASA","JTIASA","4383"
"TAN CHONG MOTOR","TCHONG","4405"
"TASEK","TASEK","4448"
"TASEK CORP-6EF","TASEK-PA","4448P"
"DAGANG NEXCHANGE","DNEX","4456"
"PEGASUS HEIGHTS","PHB","4464"
"MEDIA PRIMA","MEDIA","4502"
"UMW","UMW","4588"
"SAPURA RESOURCES","SAPRES","4596"
"POS MALAYSIA","POS","4634"
"YTL","YTL","4677"
"NESTLE","NESTLE","4707"
"GENTING MALAYSIA","GENM","4715"
"JAKS RESOURCES","JAKS","4723"
"SCIENTEX","SCIENTX","4731"
"ANCOM","ANCOM","4758"
"KONSORTIUM TRANSNASIONAL","KTB","4847"
"TELEKOM MALAYSIA","TM","4863"
"TA ENTERPRISE","TA","4898"
"MALPAC","MALPAC","4936"
"NYLEX","NYLEX","4944"
"AMANAH HARTA TANAH PNB","AHP","4952"
"VERSATILE CREATIVE","VERSATL","4995"
"HUME INDUSTRIES","HUMEIND","5000"
"MIECO CHIPBOARD","MIECO","5001"
"UNISEM","UNISEM","5005"
"MERGE ENERGY","MERGE","5006"
"CHIN WELL","CHINWEL","5007"
"HARRISONS HOLDINGS","HARISON","5008"
"WHITE HORSE","WTHORSE","5009"
"TONG HERR RESOURCES","TONGHER","5010"
"MESINIAGA","MSNIAGA","5011"
"TA ANN","TAANN","5012"
"MALAYSIA AIRPORTS","AIRPORT","5014"
"APM AUTOMOTIVE","APM","5015"
"WARISAN TC","WARISAN","5016"
"GLOMAC","GLOMAC","5020"
"AYS VENTURES","AYS","5021"
"PAOS","PAOS","5022"
"HUP SENG INDUSTRIES","HUPSENG","5024"
"NWP","NWP","5025"
"MHC PLANTATIONS","MHC","5026"
"KIM LOONG RESOURCES","KMLOONG","5027"
"HEITECH PADU","HTPADU","5028"
"FAR EAST","FAREAST","5029"
"TIME DOTCOM","TIMECOM","5031"
"BINTULU PORT","BIPORT","5032"
"KNUSFORD","KNUSFOR","5035"
"EDARAN","EDARAN","5036"
"COMPUGATES","COMPUGT","5037"
"KSL","KSL","5038"
"MEDA INC.","MEDAINC","5040"
"PBA","PBA","5041"
"TSR CAPITAL","TSRCAP","5042"
"NPC RESOURCES","NPC","5047"
"YI-LAI","YILAI","5048"
"COUNTRY VIEW","CVIEW","5049"
"OSK","OSK","5053"
"TRC SYNERGY","TRC","5054"
"ENGTEX","ENGTEX","5056"
"KINSTEEL","KINSTEL","5060"
"HUA YANG","HUAYANG","5062"
"ORNAPAPER","ORNA","5065"
"NTPM","NTPM","5066"
"LUSTER INDUSTRIES.","LUSTER","5068"
"BLD PLANTATION.","BLDPLNT","5069"
"PROTASCO","PRTASCO","5070"
"COASTAL CONTRACTS","COASTAL","5071"
"HIAP TECK VENTURE","HIAPTEK","5072"
"NAIM","NAIM","5073"
"PLENITUDE","PLENITU","5075"
"MALAYSIAN BULK CARRIERS","MAYBULK","5077"
"MARINE & GENERAL","M&G","5078"
"POH KONG","POHKONG","5080"
"ESTHETICS","EIG","5081"
"CYMAO","CYMAO","5082"
"IBRACO","IBRACO","5084"
"MUDAJAYA","MUDAJYA","5085"
"MYCRON STEEL","MYCRON","5087"
"APEX EQUITY","APEX","5088"
"MEDIA CHINESE INTERNATIONAL LIMITED","MEDIAC","5090"
"LCTH","LCTH","5092"
"CSC STEEL","CSCSTEL","5094"
"HEVEABOARD","HEVEA","5095"
"MALAYSIA STEEL WORKS (KL)","MASTEEL","5098"
"AIRASIA","AIRASIA","5099"
"BP PLASTICS HOLDING","BPPLAS","5100"
"EVERGREEN FIBREBOARD","EVERGRN","5101"
"GUAN CHONG","GCB","5102"
"CNI","CNI","5104"
"CAN-ONE","CANONE","5105"
"AXIS REIT","AXREIT","5106"
"IQ","IQGROUP","5107"
"ICAPITAL.BIZ","ICAP","5108"
"YTL HOSPITALITY REIT","YTLREIT","5109"
"UOA REIT","UOAREIT","5110"
"TOWER REIT","TWRREIT","5111"
"TH PLANTATIONS","THPLANT","5112"
"RIMBUNAN SAWIT","RSAWIT","5113"
"ALAM MARITIM RESOURCES","ALAM","5115"
"AL-`AQAR HEALTHCARE REIT","ALAQAR","5116"
"AMFIRST REIT","AMFIRST","5120"
"HEKTAR REIT","HEKTAR","5121"
"MRCB-QUILL REIT","MQREIT","5123"
"PANTECH","PANTECH","5125"
"SARAWAK OIL PALMS","SOP","5126"
"AMANAHRAYA","ARREIT","5127"
"MELATI EHSAN","MELATI","5129"
"ATRIUM REIT","ATRIUM","5130"
"ZHULIAN","ZHULIAN","5131"
"DELEUM","DELEUM","5132"
"PETRA ENERGY","PENERGY","5133"
"SOUTHERN ACIDS","SAB","5134"
"SARAWAK PLANTATION","SWKPLNT","5135"
"COMPLETE LOGISTIC SERVICES","COMPLET","5136"
"HAP SENG PLANTATIONS","HSPLANT","5138"
"AEON CREDIT SERVICE","AEONCR","5139"
"TASCO","TASCO","5140"
"DAYANG ENTERPRISE","DAYANG","5141"
"WAH SEONG","WASEONG","5142"
"LUXCHEM","LUXCHEM","5143"
"SEALINK","SEALINK","5145"
"SAMCHEM","SAMCHEM","5147"
"UEM SUNRISE","UEMS","5148"
"TAS OFFSHORE","TAS","5149"
"MULTI SPORTS","MSPORTS","5150"
"HALEX","HALEX","5151"
"MUAR BAN LEE","MBL","5152"
"XINGQUAN INTERNATIONAL SPORTS","XINQUAN","5155"
"XIDELANG HOLDINGS LTD","XDL","5156"
"SAUDEE","SAUDEE","5157"
"TA GLOBAL","TAGB","5158"
"YOONG ONN","YOCB","5159"
"HOMERITZ","HOMERIZ","5160"
"JCY","JCY","5161"
"ECS ICT","ECS","5162"
"SEREMBAN ENGINEERING","SEB","5163"
"HOCK HENG STONE INDUSTRIES","HOKHENG","5165"
"MINDA GLOBAL","MINDA","5166"
"TURBO-MECH","TURBO","5167"
"HARTALEGA","HARTA","5168"
"HO HUP","HOHUP","5169"
"SARAWAK CABLE","SCABLE","5170"
"KIMLUN","KIMLUN","5171"
"K-STAR SPORTS LIMITED","KSTAR","5172"
"SHIN YANG SHIPPING","SYSCORP","5173"
"IVORY PROPERTIES","IVORY","5175"
"SUNWAY REIT","SUNREIT","5176"
"TATT GIAP","TATGIAP","5178"
"CAPITALAND MALAYSIA MALL TRUST","CMMT","5180"
"SIG GASES","SIGGAS","5181"
"MCT","MCT","5182"
"PETRONAS CHEMICALS","PCHEM","5183"
"CYPARK RESOURCES","CYPARK","5184"
"AFFIN BANK","AFFIN","5185"
"MALAYSIA MARINE AND HEAVY ENGINEERING","MHB","5186"
"HB GLOBAL LIMITED","HBGLOB","5187"
"CHINA OUHUA WINERY","CNOUHUA","5188"
"MAXWELL","MAXWELL","5189"
"BENALEC","BENALEC","5190"
"TAMBUN INDAH LAND","TAMBUN","5191"
"K.SENG SENG","KSSC","5192"
"APFT","APFT","5194"
"CENSOF","CENSOF","5195"
"BERJAYA FOOD","BJFOOD","5196"
"FOCUS LUMBER","FLBHD","5197"
"ABM FUJIYA","AFUJIYA","5198"
"HIBISCUS PETROLEUM","HIBISCS","5199"
"UOA DEVELOPMENT","UOADEV","5200"
"MSM","MSM","5202"
"PRESTARIANG","PRESBHD","5204"
"EVERSENDAI","SENDAI","5205"
"SBC","SBCCORP","5207"
"EITA RESOURCES","EITA","5208"
"GAS MALAYSIA","GASMSIA","5209"
"BUMI ARMADA","ARMADA","5210"
"SUNWAY","SUNWAY","5211"
"PAVILION REIT","PAVREIT","5212"
"SENTORIA","SNTORIA","5213"
"CHINA STATIONERY LIMITED","CSL","5214"
"DATASONIC","DSONIC","5216"
"SAPURA ENERGY","SAPNRG","5218"
"PESTECH","PESTECH","5219"
"GLOBALTEC FORMATION","GLOTEC","5220"
"FELDA GLOBAL VENTURES","FGV","5222"
"MENTIGA","MENTIGA","5223"
"IHH HEALTHCARE","IHH","5225"
"GABUNGAN AQRS","GBGAQRS","5226"
"IGB REIT","IGBREIT","5227"
"ELK-DESA RESOURCES","ELKDESA","5228"
"CHINA AUTOMOBILE PARTS HOLDINGS LIMITED","CAP","5229"
"TUNE PROTECT","TUNEPRO","5230"
"PELIKAN","PELIKAN","5231"
"LEON FUAT","LEONFB","5232"
"CLIQ ENERGY","CLIQ","5234"
"KLCC PROPERTY","KLCC","5235SS"
"MATRIX CONCEPTS","MATRIX","5236"
"MPHB CAPITAL","MPHBCAP","5237"
"AIRASIA X","AAX","5238"
"TITIJAYA LAND","TITIJYA","5239"
"SONA PETROLEUM","SONA","5241"
"SOLID AUTOMOTIVE","SOLID","5242"
"UMW OIL & GAS","UMWOG","5243"
"CARING PHARMACY","CARING","5245"
"WESTPORTS","WPRTS","5246"
"KAREX","KAREX","5247"
"BERMAZ AUTO","BAUTO","5248"
"IOI PROPERTIES","IOIPG","5249"
"7-ELEVEN MALAYSIA","SEM","5250"
"SASBADI","SASBADI","5252"
"ECONPILE","ECONBHD","5253"
"BOUSTEAD PLANTATIONS","BPLANT","5254"
"ICON OFFSHORE","ICON","5255"
"REACH ENERGY","REACH","5256"
"CARIMIN PETROLEUM","CARIMIN","5257"
"BIMB","BIMB","5258"
"E.A.TECHNIQUE","EATECH","5259"
"ONLY WORLD","OWG","5260"
"SUNWAY CONSTRUCTION","SUNCON","5263"
"MALAKOFF","MALAKOF","5264"
"DOLPHIN","DOLPHIN","5265"
"XIN HWA","XINHWA","5267"
"IKHMAS JAYA","IKHMAS","5268"
"AL-SALAM REIT","ALSREIT","5269"
"RED SENA","RSENA","5270"
"PECCA","PECCA","5271"
"RANHILL","RANHILL","5272"
"CHIN HIN","CHINHIN","5273"
"HONG LEONG CAPITAL","HLCAP","5274"
"MYNEWS","MYNEWS","5275"
"DANCOMECH","DANCO","5276"
"FOUNDPAC","FPGROUP","5277"
"RHONE MA","RHONEMA","5278"
"SERBA DINAMIK","SERBADK","5279"
"KIP REIT","KIPREIT","5280"
"ADVANCECON","ADVCON","5281"
"ECO WORLD","EWINT","5283"
"LOTTE CHEMICAL TITAN HOLDING","LCTITAN","5284"
"SIME DARBY PLANTATION","SIMEPLT","5285"
"SIME DARBY PROPERTY","SIMEPROP","5288"
"TENAGA NASIONAL","TENAGA","5347"
"DAIMAN DEVELOPMENT","DAIMAN","5355"
"KIM HIN INDUSTRY","KIMHIN","5371"
"GAMUDA","GAMUDA","5398"
"TROPICANA","TROP","5401"
"PERUSAHAAN SADUR TIMAH MALAYSIA (PERSTIMA)","PERSTIM","5436"
"SHANGRI-LA HOTELS","SHANG","5517"
"OCB","OCB","5533"
"APB RESOURCES","APB","5568"
"MINHO","MINHO","5576"
"YEE LEE","YEELEE","5584"
"GRAND CENTRAL ENTERPRISES","GCE","5592"
"IGB","IGBB","5606"
"INTEGRATED LOGISTICS","ILB","5614"
"TRIPLC","TRIPLC","5622"
"GOLDEN PHAROS","GPHAROS","5649"
"PARKSON","PARKSON","5657"
"SOUTHERN STEEL","SSTEEL","5665"
"IPMUDA","IPMUDA","5673"
"PETRONAS DAGANGAN","PETDAG","5681"
"MUHIBBAH ENGINEERING","MUHIBAH","5703"
"COUNTRY HEIGHTS","CHHB","5738"
"UTUSAN MELAYU","UTUSAN","5754"
"LBS BINA","LBS","5789"
"CHOO BEE METAL INDUSTRIES","CHOOBEE","5797"
"HONG LEONG BANK","HLBANK","5819"
"ORIENTAL INTEREST","OIB","5827"
"DOLOMITE","DOLMITE","5835"
"KUMPULAN PERANGSANG SELANGOR","KPS","5843"
"KPJ HEALTHCARE","KPJ","5878"
"MINTYE","MBG","5886"
"DKSH","DKSH","5908"
"MALAYSIA SMELTING","MSC","5916"
"MTD ACPI ENGINEERING","MTDACPI","5924"
"BINA PURI","BPURI","5932"
"AMVERTON","AMVERTON","5959"
"MBM RESOURCES","MBMR","5983"
"PACIFIC & ORIENT","P&O","6009"
"MAXIS","MAXIS","6012"
"SHL CONSOLIDATED","SHL","6017"
"BERJAYA MEDIA","BJMEDIA","6025"
"PETRONAS GAS","PETGAS","6033"
"FARLIM GROUP","FARLIM","6041"
"PCCS","PCCS","6068"
"ENCORP","ENCORP","6076"
"STAR MEDIA","STAR","6084"
"MKH","MKH","6114"
"SYARIKAT TAKAFUL MALAYSIA","TAKAFUL","6139"
"METROD","METROD","6149"
"BINA DARULAMAN","BDB","6173"
"MALTON","MALTON","6181"
"KHEE SAN","KHEESAN","6203"
"KIA LIM","KIALIM","6211"
"HOCK SENG LEE","HSL","6238"
"PDZ","PDZ","6254"
"INNOPRISE PLANTATIONS","INNO","6262"
"BOX-PAK","BOXPAK","6297"
"AMWAY","AMWAY","6351"
"WMG","WMG","6378"
"ASTRO MALAYSIA","ASTRO","6399"
"APOLLO FOOD","APOLLO","6432"
"MNRB","MNRB","6459"
"KENANGA INVESTMENT BANK","KENANGA","6483"
"KUMPULAN FIMA","KFIMA","6491"
"SURIA CAPITAL","SURIA","6521"
"MALAYSIA PACIFIC","MPCORP","6548"
"ANN JOO RESOURCES","ANNJOO","6556"
"KWANTAS","KWANTAS","6572"
"AEON CO.","AEON","6599"
"BCB","BCB","6602"
"PNE PCB","PNEPCB","6637"
"LINGKARAN TRANS KOTA","LITRAK","6645"
"CRESCENDO","CRESNDO","6718"
"YTL POWER","YTLPOWR","6742"
"JKG LAND","JKGLAND","6769"
"PUNCAK NIAGA","PUNCAK","6807"
"EUPE","EUPE","6815"
"KUB MALAYSIA","KUB","6874"
"AXIATA","AXIATA","6888"
"SUBUR TIASA","SUBUR","6904"
"PASDEC","PASDEC","6912"
"FIAMMA","FIAMMA","6939"
"DIGI.COM","DIGI","6947"
"V.S. INDUSTRY","VS","6963"
"KOBAY TECHNOLOGY","KOBAY","6971"
"BINTAI KINDEN","BINTAI","6998"
"Y&G","Y&G","7003"
"MCE","MCEHLDG","7004"
"B.I.G. INDUSTRIES","BIG","7005"
"LATITUDE TREE","LATITUD","7006"
"ARK RESOURCES","ARK","7007"
"GRAND HOOVER","HOOVER","7010"
"HUBLINE","HUBLINE","7013"
"YLI","YLI","7014"
"CHUAN HUAT RESOURCES","CHUAN","7016"
"KOMARKCORP","KOMARK","7017"
"CME","CME","7018"
"YKGI","YKGI","7020"
"GLOBETRONICS TECHNOLOGY","GTRONIC","7022"
"WOODLANDOR","WOODLAN","7025"
"PETROL ONE RESOURCES","PETONE","7027"
"ZECON","ZECON","7028"
"MASTER-PACK","MASTER","7029"
"AMTEL","AMTEL","7031"
"KUMPULAN H & L HIGH-TECH","HIGHTEC","7033"
"THONG GUAN INDUSTRIES","TGUAN","7034"
"CCK CONSOLIDATED","CCK","7035"
"BORNEO OIL","BORNOIL","7036"
"JMR CONGLOMERATION","JMR","7043"
"SCOMI ENERGY SERVICES","SCOMIES","7045"
"FAJARBARU BUILDER","FAJAR","7047"
"ATLAN HOLDINGS.","ATLAN","7048"
"WONG ENGINEERING","WONG","7050"
"AMTEK","AMTEK","7051"
"PADINI","PADINI","7052"
"SEE HUP CONSOLIDATED","SEEHUP","7053"
"ASTRAL ASIA","AASIA","7054"
"PLB ENGINEERING","PLB","7055"
"NEW HOONG FATT","NHFATT","7060"
"KHIND","KHIND","7062"
"YONG TAI","YONGTAI","7066"
"VIZIONE","VIZIONE","7070"
"OCR","OCR","7071"
"SEACERA","SEACERA","7073"
"CB INDUSTRIAL PRODUCT HOLDING","CBIP","7076"
"GSB","GSB","7077"
"AHMAD ZAKI RESOURCES","AZRB","7078"
"TIGER SYNERGY","TIGER","7079"
"PERMAJU INDUSTRIES","PERMAJU","7080"
"PHARMANIAGA","PHARMA","7081"
"SYF RESOURCES","SYF","7082"
"ANALABS RESOURCES","ANALABS","7083"
"QL RESOURCES","QL","7084"
"LTKM","LTKM","7085"
"ABLEGROUP","ABLEGRP","7086"
"MAGNI-TECH INDUSTRIES","MAGNI","7087"
"POH HUAT RESOURCES","POHUAT","7088"
"LII HEN INDUSTRIES.","LIIHEN","7089"
"APEX HEALTHCARE","AHEALTH","7090"
"UNIMECH","UNIMECH","7091"
"EUROSPAN","EUROSP","7094"
"P.I.E. INDUSTRIAL","PIE","7095"
"GPA","GPA","7096"
"TA WIN","TAWIN","7097"
"ATTA GLOBAL","ATTA","7099"
"UCHI TECHNOLOGIES","UCHITEC","7100"
"SPRITZER","SPRITZER","7103"
"HCK CAPITAL","HCK","7105"
"SUPERMAX","SUPERMX","7106"
"ORIENTAL FOOD INDUSTRIES","OFI","7107"
"PERDANA PETROLEUM","PERDANA","7108"
"WEIDA","WEIDA","7111"
"TOP GLOVE","TOPGLOV","7113"
"D'NONCE","DNONCE","7114"
"SKB SHUTTERS","SKBSHUT","7115"
"CENTURY LOGISTICS","CENTURY","7117"
"DEGEM","DEGEM","7119"
"ACOUSTECH","ACOSTEC","7120"
"XIAN LENG","XIANLNG","7121"
"YFG","YFG","7122"
"PRICEWORTH","PWORTH","7123"
"LONDON BISCUITS","LONBISC","7126"
"CAM RESOURCES","CAMRES","7128"
"ASIA FILE","ASIAFLE","7129"
"KUMPULAN POWERNET","KPOWER","7130"
"ACME","ACME","7131"
"SMIS","SMISCOR","7132"
"UNITED U-LI","ULICORP","7133"
"PWF CONSOLIDATED","PWF","7134"
"UMS","UMS","7137"
"NICHE CAPITAL EMAS","NICE","7139"
"OKA","OKA","7140"
"STONE MASTER","STONE","7143"
"PRINSIPTEK","PSIPTEK","7145"
"AE MULTI","AEM","7146"
"CCM DUOPHARMA BIOTECH","CCMDBIO","7148"
"ENG KAH","ENGKAH","7149"
"JAYCORP","JAYCORP","7152"
"KOSSAN RUBBER INDUSTRIES","KOSSAN","7153"
"CAELY","CAELY","7154"
"SKP RESOURCES","SKPRES","7155"
"CYL","CYL","7157"
"SCOMI","SCOMI","7158"
"PENTAMASTER","PENTA","7160"
"KERJAYA PROSPEK","KERJAYA","7161"
"ASTINO","ASTINO","7162"
"PJBUMI","PJBUMI","7163"
"KNM","KNM","7164"
"SPRING GALLERY","SGB","7165"
"JOHORE TIN","JOHOTIN","7167"
"PRG","PRG","7168"
"DOMINANT ENTERPRISE","DOMINAN","7169"
"LFE","LFECORP","7170"
"PMB TECHNOLOGY","PMBTECH","7172"
"TOYO INK","TOYOINK","7173"
"CAB CAKARAN","CAB","7174"
"TPC PLUS","TPC","7176"
"Y.S.P.SOUTHEAST ASIA HOLDING","YSPSAH","7178"
"D.B.E. GURNEY RESOURCES","DBE","7179"
"SERN KOU","SERNKOU","7180"
"ATURMAJU","ATURMJU","7181"
"EKA NOODLES","EKA","7182"
"IRE-TEX","IRETEX","7183"
"G3 GLOBAL","G3","7184"
"SWS CAPITAL","SWSCAP","7186"
"BOON KOON","BKOON","7187"
"BTM RESOURCES","BTM","7188"
"MB WORLD","MBWORLD","7189"
"PELANGI PUBLISHING","PPG","7190"
"ADVENTA","ADVENTA","7191"
"GOODWAY","GOODWAY","7192"
"COMINTEL","COMCORP","7195"
"GE-SHEN","GESHEN","7197"
"DPS RESOURCES","DPS","7198"
"KEIN HING","KEINHIN","7199"
"TEK SENG","TEKSENG","7200"
"PROGRESSIVE IMPACT","PICORP","7201"
"CLASSIC SCENIC","CSCENIC","7202"
"WANG-ZHENG","WANGZNG","7203"
"D&O GREEN TECHNOLOGIES","D&O","7204"
"COCOALAND","COCOLND","7205"
"TH HEAVY","THHEAVY","7206"
"SUCCESS TRANSFORMER","SUCCESS","7207"
"EURO","EURO","7208"
"CHEETAH","CHEETAH","7209"
"FREIGHT MANAGEMENT","FREIGHT","7210"
"TAFI INDUSTRIES","TAFI","7211"
"DESTINI","DESTINI","7212"
"HOVID","HOVID","7213"
"A-RANK","ARANK","7214"
"NI HSIN RESOURCES","NIHSIN","7215"
"KAWAN FOOD","KAWAN","7216"
"EONMETALL","EMETALL","7217"
"TRANSOCEAN","TOCEAN","7218"
"MINETECH RESOURCES","MINETEC","7219"
"BSL","BSLCORP","7221"
"IMASPRO","IMASPRO","7222"
"JADI IMAGING","JADI","7223"
"P.A. RESOURCES","PA","7225"
"WATTA HOLDING","WATTA","7226"
"UMS-NEIKEN","UMSNGB","7227"
"T7 GLOBAL","T7GLOBAL","7228"
"FAVELLE FAVCO","FAVCO","7229"
"TOMEI CONSOLIDATED","TOMEI","7230"
"WELLCALL","WELLCAL","7231"
"RESINTECH","RESINTC","7232"
"DUFU TECHNOLOGY CORP.","DUFU","7233"
"MESB","MESB","7234"
"SUPERLON","SUPERLN","7235"
"POWER ROOT","PWROOT","7237"
"SCANWOLF","SCNWOLF","7239"
"VERTICE","VERTICE","7240"
"NEXTGREEN GLOBAL","NGGB","7241"
"BIO OSMO","BIOOSMO","7243"
"WZ SATU","WZSATU","7245"
"SIGNATURE","SIGN","7246"
"SCGM","SCGM","7247"
"SLP RESOURCES","SLP","7248"
"EWEIN","EWEIN","7249"
"UZMA","UZMA","7250"
"BARAKAH OFFSHORE PETROLEUM","BARAKAH","7251"
"TEO SENG CAPITAL","TEOSENG","7252"
"HANDAL RESOURCES","HANDAL","7253"
"DIALOG","DIALOG","7277"
"TOMYPAK","TOMYPAK","7285"
"YINSON","YINSON","7293"
"AHB","AHB","7315"
"KEN","KEN","7323"
"TIEN WAH PRESS","TIENWAH","7374"
"GOLDEN LAND","GLBHD","7382"
"SHH RESOURCES","SHH","7412"
"TECK GUAN PERDANA","TECGUAN","7439"
"EDEN INC.","EDEN","7471"
"RALCO","RALCO","7498"
"HARN LEN","HARNLEN","7501"
"DKLS INDUSTRIES","DKLS","7528"
"QUALITY CONCRETE","QUALITY","7544"
"AWC","AWC","7579"
"MGB","MGB","7595"
"AJIYA","AJIYA","7609"
"MAGNA PRIMA","MAGNA","7617"
"HAI-O ENTERPRISE","HAIO","7668"
"GUNUNG CAPITAL","GUNUNG","7676"
"WIDETECH","WIDETEC","7692"
"ASIA BRANDS","ASIABRN","7722"
"UPA","UPA","7757"
"RAPID SYNERGY","RAPID","7765"
"EP MANUFACTURING","EPMB","7773"
"RUBBEREX","RUBEREX","7803"
"SAPURA INDUSTRIAL","SAPIND","7811"
"TIMBERWELL","TIMWELL","7854"
"THRIVEN GLOBAL","THRIVEN","7889"
"MILUX","MILUX","7935"
"SAND NISKO CAPITAL","SNC","7943"
"CN ASIA","CNASIA","7986"
"COMPUTER FORMS","CFM","8044"
"CENTRAL INDUSTRIAL","CICB","8052"
"LEE SWEE KIAT","LEESK","8079"
"POLY GLASS FIBRE","POLY","8117"
"DAIBOCHI","DAIBOCI","8125"
"BOUSTEAD HEAVY INDUSTRIES","BHIC","8133"
"MAJUPERAK","MJPERAK","8141"
"DENKO","DENKO","8176"
"MERCURY INDUSTRIES","MERCURY","8192"
"ECO WORLD DEVELOPMENT","ECOWLD","8206"
"PUBLIC PACKAGES","PPHB","8273"
"KUANTAN FLOUR MILLS","KFM","8303"
"PESONA METRO","PESONA","8311"
"DATAPREP","DATAPRP","8338"
"PERAK","PRKCORP","8346"
"KYM","KYM","8362"
"TIONG NAM LOGISTICS","TNLOGIS","8397"
"PANSAR","PANSAR","8419"
"CONCRETE ENGINEERING PRODUCTS","CEPCO","8435"
"HIL INDUSTRIES","HIL","8443"
"HWA TAI INDUSTRIES","HWATAI","8478"
"LION FOREST INDUSTRIES","LIONFIB","8486"
"LBI CAPITAL","LBICAP","8494"
"TALIWORKS","TALIWRK","8524"
"SINOTOP","SINOTOP","8532"
"SALCON","SALCON","8567"
"MAH SING","MAHSING","8583"
"CREST BUILDER","CRESBLD","8591"
"FEDERAL FURNITURE HOLDINGS","FFHB","8605"
"ENRA","ENRA","8613"
"LPI CAPITAL","LPI","8621"
"JASA KITA","JASKITA","8648"
"S P SETIA","SPSETIA","8664"
"KAMDAR GROUP","KAMDAR","8672"
"TEXCHEM RESOURCES","TEXCHEM","8702"
"LEWEKO RESOURCES","LEWEKO","8745"
"BREM HOLDING","BREM","8761"
"IREKA","IREKA","8834"
"PRESS METAL","PMETAL","8869"
"EKOVEST","EKOVEST","8877"
"AVILLION","AVI","8885"
"MK LAND","MKLAND","8893"
"EG INDUSTRIES","EG","8907"
"JIANKUN","JIANKUN","8923"
"JERASIA CAPITAL","JERASIA","8931"
"PROLEXUS","PRLEXUS","8966"
"CEPATWAWASAN","CEPAT","8982"
"OMESTI","OMESTI","9008"
"EKSONS","EKSONS","9016"
"TSH RESOURCES","TSH","9059"
"THETA EDGE","THETA","9075"
"KUMPULAN JETSON","JETSON","9083"
"EMICO","EMICO","9091"
"SANBUMI","SANBUMI","9113"
"KPS CONSORTIUM","KPSCB","9121"
"ADVANCED PACKAGING","ADVPKG","9148"
"FORMOSA PROSONIC INDUSTRIES","FPI","9172"
"LYSAGHT GALVANIZED STEEL","LYSAGHT","9199"
"SARAWAK CONSOLIDATED INDUSTRIES","SCIB","9237"
"GADANG","GADANG","9261"
"BONIA","BONIA","9288"
"RCE CAPITAL","RCECAP","9296"
"FITTERS DIVERSIFIED","FITTERS","9318"
"LB ALUMINIUM","LBALUM","9326"
"KESM INDUSTRIES","KESM","9334"
"ANZO","ANZO","9342"
"TEO GUAN LEE","TGL","9369"
"FSBM","FSBM","9377"
"LAY HONG","LAYHONG","9385"
"INDUSTRONICS","ITRONIC","9393"
"PARAGON UNION","PARAGON","9407"
"CWG","CWG","9423"
"SENI JAYA","SJC","9431"
"KKB ENGINEERING","KKB","9466"
"BRAHIM'S","BRAHIMS","9474"
"MULTI-USAGE","MUH","9539"
"MITRAJAYA","MITRA","9571"
"PINTARAS JAYA","PTARAS","9598"
"HO WAH GENTING","HWGB","9601"
"LEBTECH","LEBTECH","9628"
"WCT","WCT","9679"
"IDEAL UNITED BINTANG","IDEAL","9687"
"PLS PLANTATIONS","PLS","9695"
"SYCAL VENTURES","SYCAL","9717"
"ROHAS TECNIC","ROHAS","9741"
"SINMAH CAPITAL","SMCAP","9776"
"SEG","SEG","9792"
"NATIONWIDE EXPRESS","NATWIDE","9806"
"BERTAM ALLIANCE","BERTAM","9814"
"SAM ENGINEERING & EQUIPMENT","SAM","9822"
"SUIWAH","SUIWAH","9865"
"PRESTAR RESOURCES","PRESTAR","9873"
"LEADER STEEL","LSTEEL","9881"
"BRIGHT PACKAGING INDUSTRY","BRIGHT","9938"
"REX INDUSTRY","REX","9946"
"ASIA KNIGHT","AKNIGHT","9954"
"GROMUTUAL","GMUTUAL","9962"
"PENSONIC","PENSONI","9997"
